<dir>
      <title>[COLORwhite]TMDB[/COLOR] Star Wars Collection</title>
      <tmdb>collection/10</tmdb>
	  <thumbnail>https://img00.deviantart.net/53c7/i/2011/267/1/4/movie_icon_macos_star_wars_by_hottobbe-d4ash0y.png</thumbnail>
</dir>

<dir>
      <title>[COLORwhite]TMDB[/COLOR] The Godfather Collection</title>
      <tmdb>collection/230</tmdb>
	  <thumbnail>https://orig00.deviantart.net/cedb/f/2013/141/d/1/the_god_father_folder_icon__mac__by_vivvien-d661fwb.png</thumbnail>
</dir>

<dir>
      <title>[COLORwhite]TMDB[/COLOR] The Jaws Collection</title>
      <tmdb>collection/2366</tmdb>
	  <thumbnail>https://orig00.deviantart.net/4f47/f/2015/098/f/8/jaws_folder_icon_by_mikromike-d8oz2qg.png</thumbnail>
</dir>

<dir>
      <title>[COLORwhite]TMDB[/COLOR] Rocky Collection</title>
      <tmdb>collection/1575</tmdb>
	  <thumbnail>https://t00.deviantart.net/hq3DdDCMOJzwOD5bqhvI_lronG0=/fit-in/700x350/filters:fixed_height(100,100):origin()/pre00/74be/th/pre/f/2016/083/0/6/rocky_movie_collection_icon_folder_by_mohandor-d9wbchz.png</thumbnail>
</dir>

<dir>
      <title>[COLORwhite]TMDB[/COLOR] Indiana Jones Collection</title>
      <tmdb>list/41876</tmdb>
	  <thumbnail>https://pre00.deviantart.net/6dd1/th/pre/f/2016/111/0/8/indiana_jones_movie_collection_folder_icon_by_that_eerie_knock-d9zs2i7.png</thumbnail>
</dir>

<dir>
      <title>[COLORwhite]TMDB[/COLOR] The Bourne Collection</title>
      <tmdb>collection/31562</tmdb>
	  <thumbnail>https://orig00.deviantart.net/e12a/f/2015/101/d/7/the_bourne_movie_collection_folder_icon_by_smokeu-d8lql3q.png</thumbnail>
</dir>

    <dir>
      <title>[COLORwhite]TMDB[/COLOR] Mission Impossible Collection</title>
      <tmdb>collection/87359</tmdb>
	  <thumbnail>https://orig00.deviantart.net/b037/f/2016/056/e/3/mission_impossible_movie_collection_icon_folder_v2_by_mohandor-d9t1rej.png</thumbnail>
    </dir>
	
	<dir>
      <title>[COLORwhite]TMDB[/COLOR] The Matrix Collection</title>
      <tmdb>collection/2344</tmdb>
	  <thumbnail>https://orig00.deviantart.net/a41f/f/2010/301/d/2/the_matrix_movie_folder_icon_by_dakaap-d31p7xi.png</thumbnail>
</dir>
	
	    <dir>
      <title>[COLORwhite]TMDB[/COLOR] Back To The Future Collection</title>
      <tmdb>collection/264</tmdb>
	  <thumbnail>https://orig00.deviantart.net/e1ea/f/2014/095/c/7/brack_to_the_future_folder_icon_by_andreas86-d73y03z.png</thumbnail>
    </dir>
	
	<dir>
      <title>[COLORwhite]TMDB[/COLOR] Fast n Furious Collection</title>
      <tmdb>collection/9485</tmdb>
	  <thumbnail>https://orig00.deviantart.net/88ee/f/2016/352/1/e/fast_and_furious_collection___folder_icon_by_hussun1-das1yhl.png</thumbnail>
    </dir>
	
<dir>
      <title>[COLORwhite]TMDB[/COLOR] Batman Collection</title>
      <tmdb>collection/120794</tmdb>
	  <thumbnail>https://orig00.deviantart.net/e3d4/f/2015/168/5/1/batman_1989_icon_folder_by_ajabelgas-d8xqtnt.png</thumbnail>
</dir>

<dir>
      <title>[COLORwhite]TMDB[/COLOR] Jurassic Park Collection</title>
      <tmdb>collection/328</tmdb>
	  <thumbnail>https://orig00.deviantart.net/64d2/f/2016/286/f/6/jurassic_park_collection_folder_icon_by_dahlia069-dakuqr3.png</thumbnail>
</dir>

<dir>
      <title>[COLORwhite]TMDB[/COLOR] Saw Collection</title>
      <tmdb>collection/656</tmdb>
	  <thumbnail>https://orig00.deviantart.net/fc93/f/2016/271/1/a/saw_collection_folder_icon_by_dahlia069-daj5mct.png</thumbnail>
</dir>
	
	<dir>
      <title>[COLORwhite]TMDB[/COLOR] Rambo Collection</title>
      <tmdb>collection/5039</tmdb>
	  <thumbnail>https://img00.deviantart.net/c619/i/2011/287/a/a/rambo_movie_icon_by_harout94-d4cs63r.png</thumbnail>
    </dir>
	
		<dir>
      <title>[COLORwhite]TMDB[/COLOR] The Planet Of The Apes Collection</title>
      <tmdb>collection/1709</tmdb>
	  <thumbnail>https://orig00.deviantart.net/bb31/f/2016/354/6/2/planet_of_the_apes_collection_folder_icon_by_dahlia069-dasbdp1.png</thumbnail>
    </dir>
	
	<dir>
      <title>[COLORwhite]TMDB[/COLOR] Transformers Collection</title>
      <tmdb>collection/8650</tmdb>
	  <thumbnail>https://orig00.deviantart.net/4ff0/f/2012/138/4/a/transformers__dark_of_the_moon_folder_by_janosch500-d506zd1.png</thumbnail>
</dir>
	
	<dir>
      <title>[COLORwhite]TMDB[/COLOR] Night at the Museum Collection</title>
      <tmdb>collection/85943</tmdb>
	  <thumbnail>https://img00.deviantart.net/aa12/i/2015/091/a/9/night_at_the_museum_collection_by_wchannel96-d8nk0r1.png</thumbnail>
</dir>
	
	<dir>
      <title>[COLORwhite]TMDB[/COLOR] Star Trek: Alternate Reality Collection</title>
      <tmdb>collection/115575</tmdb>
	  <thumbnail>https://orig00.deviantart.net/eaf4/f/2017/100/8/1/star_trek__kelvin_timeline__collection_folder_icon_by_ackermanop-db5awqu.png</thumbnail>
</dir>

	<dir>
      <title>[COLORwhite]TMDB[/COLOR] The Lord of the Rings Collection</title>
      <tmdb>collection/119</tmdb>
	  <thumbnail>https://orig00.deviantart.net/a1b7/f/2015/089/2/6/the_lord_of_the_rings_i_folder_icon_by_mikromike-d8nsay6.png</thumbnail>
</dir>
	
	<dir>
      <title>[COLORwhite]TMDB[/COLOR] The Hunger Games Collection</title>
      <tmdb>collection/131635</tmdb>
	  <thumbnail>https://orig00.deviantart.net/9b6c/f/2015/180/2/b/the_hunger_games_collection_folder_icon_by_iamanneme-d8einr0.png</thumbnail>
</dir>
	
<dir>
      <title>[COLORwhite]TMDB[/COLOR] Divergent Collection</title>
      <tmdb>collection/283579</tmdb>
	  <thumbnail>https://orig00.deviantart.net/4906/f/2015/180/2/a/divergent_series_collection_folder_icon_by_iamanneme-d8e3taq.png</thumbnail>
</dir>
	
<dir>
      <title>[COLORwhite]TMDB[/COLOR] The Twilight  Collection</title>
      <tmdb>collection/33514</tmdb>
	  <thumbnail>https://orig00.deviantart.net/3edb/f/2013/061/d/4/twilight_folder_icon_by_raingirl2009-d5woerp.png</thumbnail>
</dir>
	
	<dir>
      <title>[COLORwhite]TMDB[/COLOR] Dirty Harry Collection</title>
      <tmdb>collection/10456</tmdb>
	  <thumbnail>https://orig00.deviantart.net/c44d/f/2017/185/4/1/dirty_harry__1971__folder_icon_by_wisdoomer-dbf3g3h.png</thumbnail>
</dir>

	<dir>
      <title>[COLORwhite]TMDB[/COLOR] Alien Collection</title>
      <tmdb>collection/8091</tmdb>
	  <thumbnail>https://orig00.deviantart.net/19f4/f/2016/352/a/4/alien_anthology_folder_icon_by_hussun1-das2b7z.png</thumbnail>
</dir>

	<dir>
      <title>[COLORwhite]TMDB[/COLOR] Superman Collection</title>
      <tmdb>collection/8537</tmdb>
	  <thumbnail>https://orig00.deviantart.net/c4c1/f/2015/022/c/f/icon_folder_superman_by_nialixus-d8ex4qt.png</thumbnail>
</dir>

	<dir>
      <title>[COLORwhite]TMDB[/COLOR] Thor Collection</title>
      <tmdb>collection/131296</tmdb>
	  <thumbnail>https://orig00.deviantart.net/5c18/f/2014/029/c/7/thor_the_dark_world_by_jithinjohny-d748iha.png</thumbnail>
</dir>

	<dir>
      <title>[COLORwhite]TMDB[/COLOR] Iron Man Collection</title>
      <tmdb>collection/131292</tmdb>
	  <thumbnail>https://orig00.deviantart.net/cab8/f/2014/281/d/7/iron_man_collection_folder_icon_by_jesusofsuburbiatr-d8234au.png</thumbnail>
</dir>

	<dir>
      <title>[COLORwhite]TMDB[/COLOR] Scary Movie Collection</title>
      <tmdb>collection/4246</tmdb>
	  <thumbnail>https://orig00.deviantart.net/b2cc/f/2016/077/1/1/scary_movie_collection_icon_folder_by_mohandor-d9vkjtv.png</thumbnail>
</dir>

	<dir>
      <title>[COLORwhite]TMDB[/COLOR] Friday Collection</title>
      <tmdb>collection/43563</tmdb>
	  <thumbnail>https://orig00.deviantart.net/fb44/f/2015/073/d/e/friday_collection_movie_folder_icon_by_smokeu-d8loend.png</thumbnail>
</dir>

	<dir>
      <title>[COLORwhite]TMDB[/COLOR] Friday the 13th Collection</title>
      <tmdb>collection/9735</tmdb>
	  <thumbnail>http://www.pvhc.net/img27/budodruarcjfhneitror.png</thumbnail>
</dir>

	<dir>
      <title>[COLORwhite]TMDB[/COLOR] Halloween Collection</title>
      <tmdb>collection/91361</tmdb>
	  <thumbnail>https://orig00.deviantart.net/c3a9/f/2016/182/9/3/halloween_collection_folder_by_gremlin696-da8dxsu.png</thumbnail>
</dir>

	<dir>
      <title>[COLORwhite]TMDB[/COLOR] A Nightmare on Elm Street Collection</title>
      <tmdb>collection/8581</tmdb>
	  <thumbnail>https://orig00.deviantart.net/5da4/f/2016/181/d/2/a_nightmare_on_elm_street_ico_by_gremlin696-da8agvn.png</thumbnail>
</dir>

	<dir>
      <title>[COLORwhite]TMDB[/COLOR] Collection</title>
      <tmdb>collection/</tmdb>
	  <thumbnail></thumbnail>
</dir>

	<dir>
      <title>[COLORwhite]TMDB[/COLOR] Home Alone Collection</title>
      <tmdb>collection/9888</tmdb>
	  <thumbnail>https://orig00.deviantart.net/4907/f/2015/072/a/2/home_alone_complete_collection_folder_icon_by_smokeu-d8lm04y.png</thumbnail>
</dir>
	
    <dir>
      <title>[COLORwhite]TMDB[/COLOR] Animation Shows Collection</title>
      <tmdb>genre/shows/16</tmdb>
	  <thumbnail>https://orig00.deviantart.net/0a80/f/2017/030/b/e/finding_dory_v5_by_hitsman-daxb2n1.png</thumbnail>
    </dir>

    <dir>
      <title>[COLORwhite]TMDB[/COLOR] Animal Kingdom Collection</title>
      <tmdb>list/13488</tmdb>
	  <thumbnail>https://orig00.deviantart.net/f9ab/f/2017/096/d/e/kung_fu_panda_folder_icon_by_sholang-db4uk8b.png</thumbnail>
    </dir>
	
<dir>
      <title></title>
      <tmdb></tmdb>
	  <thumbnail></thumbnail>
</dir>

