<dir>
  <title>TMDB Popular</title>
  <tmdb>movies/popular</tmdb>
  <thumbnail>https://orig00.deviantart.net/d478/f/2013/352/5/b/english_movies_folder_by_jbnerob-d6ydvn1.png</thumbnail>
</dir>

<dir>
  <title>TMDB Now Playing</title>
  <tmdb>movies/now_playing</tmdb>
  <thumbnail>https://orig00.deviantart.net/f90b/f/2017/185/2/f/movies_folder_by_drdarkdoom-dbf4ks4.png</thumbnail>
</dir>

<dir>
  <title>TMDB Top Rated</title>
  <tmdb>movies/top_rated</tmdb>
  <thumbnail>https://orig00.deviantart.net/a5a4/f/2015/182/9/a/movies_folder_icon_3_by_gterritory-d8zhhvz.png</thumbnail>
</dir>

<dir>
    <title>[COLORwhite]TMDB[/COLOR] Movies By Genre</title>
    <link>http://tmbkodi.com/repo/plugin.program.tmb/genre_movies.xml</link>
	<thumbnail>https://orig00.deviantart.net/1f4d/f/2016/083/d/9/drama_movie_collection_icon_folder_by_mohandor-d9w99yf.png</thumbnail>
</dir>

<dir>
    <title>[COLORwhite]TMDB[/COLOR] Movies By Years</title>
    <link>http://tmbkodi.com/repo/plugin.program.tmb/movie-years.xml</link>
	<thumbnail>https://orig00.deviantart.net/db51/f/2015/040/f/e/movies_folder_icon_by_buddhajef-d8hdxkb.png</thumbnail>
</dir>

    <dir>  
      <title>[COLORwhite]TMDB[/COLOR] Trademark Movie Picks</title>
      <tmdb>list/38955</tmdb>
	  <thumbnail>https://orig00.deviantart.net/4027/f/2015/088/8/a/movies_folder_icon_by_mikromike-d8nntky.png</thumbnail>
    </dir>
	

