<dir>
  <title>TMDB Popular</title>
  <tmdb>movies/popular</tmdb>
</dir>

<dir>
  <title>TMDB Now Playing</title>
  <tmdb>movies/now_playing</tmdb>
</dir>

<dir>
  <title>TMDB Top Rated</title>
  <tmdb>movies/top_rated</tmdb>
</dir>

<dir>
  <title>TMDB Popular</title>
  <tmdb>tv/popular</tmdb>
</dir>

<dir>
  <title>TMDB Top Rated</title>
  <tmdb>tv/top_rated</tmdb>
</dir>

<dir>
  <title>TMDB List: Animal Kingdom</title>
  <tmdb>list/13488</tmdb>
</dir>

<dir>
  <title>Bryan Cranston Shows TMDB</title>
  <tmdb>person/shows/17419</tmdb>
</dir>

<dir>
  <title>Bryan Cranston Movies TMDB</title>
  <tmdb>person/movies/17419</tmdb>
</dir>
