
    <dir>
      <title>Popular</title>
      <tmdb>tv/popular</tmdb>
	  <thumbnail>http://www.iconarchive.com/download/i52341/softskin/series-folder/Folder-TV-THRONES.ico</thumbnail>
    </dir>

    <dir>
      <title>Top Rated</title>
      <tmdb>tv/top_rated</tmdb>
	  <thumbnail>http://icons.iconarchive.com/icons/atti12/tv-series-folder/512/Dr-House-icon.png</thumbnail>
    </dir>

    <dir>
      <title>Airing Today</title>
      <tmdb>tv/today</tmdb>
	  <thumbnail>http://icons.iconarchive.com/icons/atti12/tv-series-folder/512/The-Big-Bang-Theory-icon.png</thumbnail>
    </dir>

    <dir>
      <title>Genre</title>
      <link>>http://tmbkodi.com/repo/plugin.program.tmb/genretv.xml</link>
	  <thumbnail>https://orig00.deviantart.net/ac70/f/2015/117/6/a/tv_series_folder_icon_by_mikromike-d8rawzj.png</thumbnail>
    </dir>
	
	<dir>
    <name>Funny or Fail By ColdKeys</name>
    <link>http://bit.ly/2Bn3Fz6</link>
    <thumbnail>https://i.imgur.com/PlRw2Kg.jpg</thumbnail>
    <fanart>https://i.imgur.com/oRQ8AkG.jpg</fanart>
</dir>

<dir>
    <name>Funny Too By ColdKeys</name>
    <link>http://bit.ly/2jwYBAG</link>
    <thumbnail>https://i.imgur.com/ExWU1C1.jpg</thumbnail>
    <fanart>https://i.imgur.com/A2vyjHU.jpg</fanart>
</dir>

  <dir>
    <title>Search TMDB</title>
    <tmdb>search</tmdb>
	<thumbnail>http://icons.iconarchive.com/icons/gakuseisean/aire/256/Search-Folder-icon.png</thumbnail>
  </dir>
