<dir>
  <title>Gal Gadot</title>
  <tmdb>person/movies/90633</tmdb>
  <thumbnail>https://timedotcom.files.wordpress.com/2016/12/wonder-woman-gal-gadot-warner-bros-nino-munoz.jpg</thumbnail>
</dir>

<dir>
  <title>Michelle Pfeiffer</title>
  <tmdb>person/movies/1160</tmdb>
  <thumbnail>https://vignette.wikia.nocookie.net/darkshadows/images/c/c9/Michelle_pfeiffer.jpg/revision/latest/scale-to-width-down/254?cb=20110429133418</thumbnail>
</dir>

<dir>
  <title>Cameron Diaz</title>
  <tmdb>person/movies/6941</tmdb>
  <thumbnail>http://image.boomsbeat.com/data/images/full/75136/2154931464_b67ef76b98_o-jpg.jpg</thumbnail>
</dir>

<dir>
  <title>Charlize Theron</title>
  <tmdb>person/movies/6885</tmdb>
  <thumbnail>https://image.tmdb.org/t/p/w640/k5Xt2mNlraX7yHYaPy9gvayCaKV.jpg</thumbnail>
</dir>

<dir>
  <title>Brie Larson</title>
  <tmdb>person/movies/60073</tmdb>
  <thumbnail>https://image.tmdb.org/t/p/w640/oWyJ2vESOfVrdL3zMi4Tkgd4she.jpg</thumbnail>
</dir>

<dir>
  <title>Margot Robbie</title>
  <tmdb>person/movies/234352</tmdb>
  <thumbnail>https://assets.vogue.com/photos/5877278fef8cc67551003fa2/master/pass/06-margot-robbie-vogue-july-2016.jpg</thumbnail>
</dir>

<dir>
  <title>Kate Winslet</title>
  <tmdb>person/movies/204</tmdb>
  <thumbnail>https://image.tmdb.org/t/p/w640/4dnurP9Szr9y6S3nTkd3pHUQg5b.jpg</thumbnail>
</dir>

<dir>
  <title>Scarlett Johansson</title>
  <tmdb>person/movies/1245</tmdb>
  <thumbnail>https://cdn-s3.si.com/s3fs-public/images/Scarlett-Johansson-105916536_master.jpg</thumbnail>
</dir>

<dir>
  <title>Jennifer Lawrence</title>
  <tmdb>person/movies/72192</tmdb>
  <thumbnail>http://i.perezhilton.com/wp-content/uploads/2016/02/jennifer-lawrence-sheer-silver-top-getty1__oPt.jpg</thumbnail>
</dir>

<dir>
  <title>Cate Blanchett</title>
  <tmdb>person/movies/112</tmdb>
  <thumbnail>http://redonline.cdnds.net/main/thumbs/29980/cateblanchett__square.jpg</thumbnail>
</dir>

<dir>
  <title>Julianne Moore</title>
  <tmdb>person/movies/1231</tmdb>
  <thumbnail>https://image.tmdb.org/t/p/w640/AkY8Dm85fDrG6Q6XSfK6e3USvox.jpg</thumbnail>
</dir>

<dir>
  <title>Rachel McAdams</title>
  <tmdb>person/movies/53714</tmdb>
  <thumbnail>https://image.tmdb.org/t/p/w640/c60WxtQceDxOp7sd2iWhOqn5Y2l.jpg</thumbnail>
</dir>

<dir>
  <title>Amy Adams</title>
  <tmdb>person/movies/9273</tmdb>
  <thumbnail>https://image.tmdb.org/t/p/w640/vz6z2GCXk5K77QW1ZeG9nY170VB.jpg</thumbnail>
</dir>

<dir>
  <title>Jennifer Anniston</title>
  <tmdb>person/movies/4491</tmdb>
  <thumbnail>https://image.tmdb.org/t/p/w640/1U9BQwP3OQmwmRHCgA3KovCpBAO.jpg</thumbnail>
</dir>

<dir>
  <title>Sandra Bullock</title>
  <tmdb>person/movies/18277</tmdb>
  <thumbnail>https://image.tmdb.org/t/p/w640/aCa4ELD1MfsVjLWYAynYbhXHQmu.jpg</thumbnail>
</dir>

<dir>
  <title>Penélope Cruz</title>
  <tmdb>person/movies/955</tmdb>
  <thumbnail>https://image.tmdb.org/t/p/w640/foLI2rrKi5kIq0QkMMqlxAQbuHh.jpg</thumbnail>
</dir>

<dir>
  <title>Nicole Kidman</title>
  <tmdb>person/movies/2227</tmdb>
  <thumbnail>https://image.tmdb.org/t/p/w640/qPgSCfqFHU12KaDeYzkbq8B2uTv.jpg</thumbnail>
</dir>

<dir>
  <title>Susan Sarandon</title>
  <tmdb>person/movies/4038</tmdb>
  <thumbnail>https://image.tmdb.org/t/p/w640/zfTDE2mFvNXEHcBMDffMpRlPGLW.jpg</thumbnail>
</dir>

<dir>
  <title>Kristen Wiig</title>
  <tmdb>person/movies/41091</tmdb>
  <thumbnail>https://image.tmdb.org/t/p/w640/x5avlvpHlBGGLhzbzuSfmOsMGlw.jpg</thumbnail>
</dir>

<dir>
  <title>Elizabeth Olsen</title>
  <tmdb>person/movies/550843</tmdb>
  <thumbnail>https://image.tmdb.org/t/p/w640/8vgj3i5ByHUHP6p2jN2o5pcNbaL.jpg</thumbnail>
</dir>

<dir>
  <title>Julia Roberts</title>
  <tmdb>person/movies/1204</tmdb>
  <thumbnail>https://image.tmdb.org/t/p/w640/nXqgkABQivbTzjph5gDGWQgjBs0.jpg</thumbnail>
</dir>

<dir>
  <title>Angelina Jolie</title>
  <tmdb>person/movies/11701</tmdb>
  <thumbnail>https://image.tmdb.org/t/p/w640/7OkFdUMZL4NVoAKWAMhzKRjkdh7.jpg</thumbnail>
</dir>

<dir>
  <title>Carrie Fisher</title>
  <tmdb>person/movies/4</tmdb>
  <thumbnail>https://image.tmdb.org/t/p/w640/7ZCxLwUqcyE1h9KdhPTJx5RNEXm.jpg</thumbnail>
</dir>

<dir>
  <title>Uma Thurman</title>
  <tmdb>person/movies/139</tmdb>
  <thumbnail>https://image.tmdb.org/t/p/w640/mjCoLgvF5goB2CDMAoeA9yGW88Y.jpg</thumbnail>
</dir>

<dir>
  <title>Sharon Stone</title>
  <tmdb>person/movies/4430</tmdb>
  <thumbnail>https://image.tmdb.org/t/p/w640/qWnTzncBEPgu9mXjHSdMlP12Dw5.jpg</thumbnail>
</dir>

<dir>
  <title>Meryl Streep</title>
  <tmdb>person/movies/5064</tmdb>
  <thumbnail>https://image.tmdb.org/t/p/w640/6Vrzt3ZFkSNGuiCjMwr9LMUxz2C.jpg</thumbnail>
</dir>

<dir>
  <title>Kate Beckinsale</title>
  <tmdb>person/movies/3967</tmdb>
  <thumbnail>https://image.tmdb.org/t/p/w640/g8oqSS5A3ULOKsmEHqCfOnHJDc3.jpg</thumbnail>
</dir> 

<dir>
  <title>Zoe Saldana</title>
  <tmdb>person/movies/8691</tmdb>
  <thumbnail>https://image.tmdb.org/t/p/w640/ofNrWiA2KDdqiNxFTLp51HcXUlp.jpg</thumbnail>
</dir>

<dir>
  <title>Eva Green</title>
  <tmdb>person/movies/10912</tmdb>
  <thumbnail>https://image.tmdb.org/t/p/w640/rwmLtchv0uwUYWSNbixY3GGELJ2.jpg</thumbnail>
</dir>

<dir>
  <title>Ryan Gosling</title>
  <tmdb>person/movies/30614</tmdb>
  <thumbnail>https://image.tmdb.org/t/p/w640/5rOcicCrTCWye0O2S3dnbnWaCr1.jpg</thumbnail>
</dir>

<dir>
  <title>Jake Gyllenhaal</title>
  <tmdb>person/movies/131</tmdb>
  <thumbnail>https://image.tmdb.org/t/p/w640/wRgIPBzVzIIhWcdJAduPOKJJHsL.jpg</thumbnail>
</dir>

<dir>
  <title>Nicolas Cage</title>
  <tmdb>person/movies/2963</tmdb>
  <thumbnail>https://image.tmdb.org/t/p/w640/ti2h1OS1n1VwoJHWFaJD8dMZuEE.jpg</thumbnail>
</dir>

<dir>
  <title>Brad Pitt</title>
  <tmdb>person/movies/287</tmdb>
  <thumbnail>https://image.tmdb.org/t/p/w640/ejYIW1enUcGJ9GS3Bs34mtONwWS.jpg</thumbnail>
</dir>

<dir>
  <title>Denzel Washington</title>
  <tmdb>person/movies/5292</tmdb>
  <thumbnail>https://image.tmdb.org/t/p/w640/khMf8LLTtppUwuZqqnigD2nAy26.jpg</thumbnail>
</dir>

<dir>
  <title>James Franco</title>
  <tmdb>person/movies/17051</tmdb>
  <thumbnail>https://image.tmdb.org/t/p/w640/yoUExrErHiiFHWFRX1XbjvgrzY6.jpg</thumbnail>
</dir>

<dir>
  <title>Johnny Depp</title>
  <tmdb>person/movies/85</tmdb>
  <thumbnail>https://images-na.ssl-images-amazon.com/images/M/MV5BMTM0ODU5Nzk2OV5BMl5BanBnXkFtZTcwMzI2ODgyNQ@@._V1_UY1200_CR106,0,630,1200_AL_.jpg</thumbnail>
</dir>

<dir>
  <title>Clint Eastwood</title>
  <tmdb>person/movies/190</tmdb>
  <thumbnail>https://image.tmdb.org/t/p/w640/bfHv9PvpGDaCyFrce1pMvyDRTWM.jpg</thumbnail>
</dir>

<dir>
  <title>Jackie Chan</title>
  <tmdb>person/movies/18897</tmdb>
  <thumbnail>http://static.tvtropes.org/pmwiki/pub/images/jackie_chan_punch.jpg</thumbnail>
</dir>

<dir>
  <title>Dwayne Johnson</title>
  <tmdb>person/movies/18918</tmdb>
  <thumbnail>http://projectrockofficial.com/images/overlay_rock.jpg</thumbnail>
</dir>

<dir>
  <title>Vin Diesel</title>
  <tmdb>person/movies/12835</tmdb>
  <thumbnail>https://lh6.ggpht.com/txUnJe48EaTCYareH8UoWB9KYMXAujZsVX5IMAzprM0eY7sBSvOV5SDuSQW6ynkWsQw=w300</thumbnail>
</dir>

<dir>
  <title>Jason Statham</title>
  <tmdb>person/movies/976</tmdb>
  <thumbnail>https://i.pinimg.com/736x/20/18/03/2018034ae13009dc66f62ecf7b878c23--jason-stathem-head-shots.jpg</thumbnail>
</dir>

<dir>
  <title>Roger Moore</title>
  <tmdb>person/movies/10222</tmdb>
  <thumbnail>https://timedotcom.files.wordpress.com/2017/05/roger-moore-live-or-let-die-1973.jpg</thumbnail>
  
</dir>

<dir>
  <title>Morgan Freeman</title>
  <tmdb>person/movies/192</tmdb>
  <thumbnail>https://www.thefamouspeople.com/profiles/images/morgan-freeman-3.jpg</thumbnail>
  
</dir>

<dir>
  <title>Matt Damon</title>
  <tmdb>person/movies/1892</tmdb>
  <thumbnail>http://metrouk2.files.wordpress.com/2014/03/wpid-article-1273762615545-0640082d000005dc-993038_636x820.jpg</thumbnail>
</dir>

<dir>
  <title>Josh Brolin</title>
  <tmdb>person/movies/16851</tmdb>
  <thumbnail>https://media.gq.com/photos/5582c48ce52bc4b477a9cc64/master/w_704,h_964,c_limit/slideshows-mens-standalone-gq-feature-010108-josh_brolin-00001f.jpg</thumbnail>
  
</dir>

<dir>
  <title>Channing Tatum</title>
  <tmdb>person/movies/38673</tmdb>
  <thumbnail>https://flavorwire.files.wordpress.com/2014/11/watch-channing-tatum-and-steve-carell-being-dramatic-in-the-new-foxcatcher-teaser.jpg</thumbnail>
</dir>

<dir>
  <title>Christopher Lee</title>
  <tmdb>person/movies/113</tmdb>
  <thumbnail></thumbnail>
</dir>

<dir>
  <title>Keanu Reeves</title>
  <tmdb>person/movies/6384</tmdb>
  <thumbnail>https://image.tmdb.org/t/p/w640/vqSFu6uQY9y3AS5CS5fy3A5IslU.jpg</thumbnail>
</dir>

<dir>
  <title>Sean Connery</title>
  <tmdb>person/movies/738</tmdb>
  <thumbnail>https://image.tmdb.org/t/p/w640/rM6gXASmc1SjH65ISnRFEc1gAAw.jpg</thumbnail>
</dir>

<dir>
  <title>Hugh Jackman</title>
  <tmdb>person/movies/6968</tmdb>
  <thumbnail>https://image.tmdb.org/t/p/w640/trCUSAdN4gEDDt9CPlFDraxmuE3.jpg</thumbnail>
</dir>

<dir>
  <title>Mel Gibson</title>
  <tmdb>person/movies/2461</tmdb>
  <thumbnail>https://image.tmdb.org/t/p/w640/fhfK0TV0zslZUKEChtgyOIl3SH0.jpg</thumbnail>
</dir>

<dir>
  <title>Mark Wahlberg</title>
  <tmdb>person/movies/13240</tmdb>
  <thumbnail>https://image.tmdb.org/t/p/w640/z2wJh5n7qZRUE1y9uB8UrivAV2b.jpg</thumbnail>
</dir>

<dir>
  <title>Harrison Ford</title>
  <tmdb>person/movies/3</tmdb>
  <thumbnail>https://image.tmdb.org/t/p/w640/5Vj23wvkRVrx2Lc2lVZh5MEbIwg.jpg</thumbnail>
</dir>

<dir>
  <title>Jeff Goldblum</title>
  <tmdb>person/movies/4785</tmdb>
  <thumbnail>https://image.tmdb.org/t/p/w640/l99OMsc3glaWMNk1b5hxtawQSyn.jpg</thumbnail>
</dir>

<dir>
  <title>Will Smith</title>
  <tmdb>person/movies/2888</tmdb>
  <thumbnail>https://image.tmdb.org/t/p/w640/eze9FO9VuryXLP0aF2cRqPCcibN.jpg</thumbnail>
</dir>

<dir>
  <title>Samuel L. Jackson</title>
  <tmdb>person/movies/2231</tmdb>
  <thumbnail>https://image.tmdb.org/t/p/w640/gNTKmHT8s7TgRe9kf8MB6xRg5YO.jpg</thumbnail>
</dir>

<dir>
  <title>Tom Hanks</title>
  <tmdb>person/movies/31</tmdb>
  <thumbnail>https://image.tmdb.org/t/p/w640/2dBObgFILIfNE6B1WVwK1sWLSKy.jpg</thumbnail>
</dir>

<dir>
  <title>Gerard Butler</title>
  <tmdb>person/movies/17276</tmdb>
  <thumbnail>https://image.tmdb.org/t/p/w640/1vRHSuQtLEUAXqKO3l1mjUxd4j4.jpg</thumbnail>
</dir>

<dir>
  <title>Sean Bean</title>
  <tmdb>person/movies/48</tmdb>
  <thumbnail>https://image.tmdb.org/t/p/w640/7MCfXCIWi9ViLrgKCV3Hz4f6jov.jpg</thumbnail>
</dir>

<dir>
  <title>Liam Neeson</title>
  <tmdb>person/movies/3896</tmdb>
  <thumbnail>https://image.tmdb.org/t/p/w640/2EzoP26rfgVCQxHflzbwmOTIlhe.jpg</thumbnail>
</dir>

<dir>
  <title>Benedict Cumberbatch</title>
  <tmdb>person/movies/71580</tmdb>
  <thumbnail>https://image.tmdb.org/t/p/w640/wz3MRiMmoz6b5X3oSzMRC9nLxY1.jpg</thumbnail>
</dir>

<dir>
  <title>Daniel Radcliffe</title>
  <tmdb>person/movies/10980</tmdb>
  <thumbnail>https://image.tmdb.org/t/p/w640/rjA3a8PtdTP15PXYixNGDqeigEN.jpg</thumbnail>
</dir>

<dir>
  <title>Colin Firth</title>
  <tmdb>person/movies/5472</tmdb>
  <thumbnail>https://image.tmdb.org/t/p/w640/kbs5HzE2KjzbKiGYQw2aXFpdvaX.jpg</thumbnail>
</dir>

<dir>
  <title>Jim Carrey</title>
  <tmdb>person/movies/206</tmdb>
  <thumbnail>https://image.tmdb.org/t/p/w640/o6bOiFNpkmszElC23kwAdn87M32.jpg</thumbnail>
</dir>

<dir>
  <title>Matt Damon</title>
  <tmdb>person/movies/1892</tmdb>
  <thumbnail>https://image.tmdb.org/t/p/w640/elSlNgV8xVifsbHpFsqrPGxJToZ.jpg</thumbnail>
</dir>

<dir>
  <title>Richard Gere</title>
  <tmdb>person/movies/1205</tmdb>
  <thumbnail>https://image.tmdb.org/t/p/w640/z2PwsZoKPgDVTusTIXN2hxeBzPD.jpg</thumbnail>
</dir>

<dir>
  <title>Tom Cruise</title>
  <tmdb>person/movies/500</tmdb>
  <thumbnail>https://image.tmdb.org/t/p/w640/54wOvUh3vWOTDqPMDq1VTYuh9yv.jpg</thumbnail>
</dir>

<dir>
  <title>Robert Downey Jr.</title>
  <tmdb>person/movies/3223</tmdb>
  <thumbnail>https://image.tmdb.org/t/p/w640/1YjdSym1jTG7xjHSI0yGGWEsw5i.jpg</thumbnail>
</dir>

<dir>
  <title>Chris Evans</title>
  <tmdb>person/movies/16828</tmdb>
  <thumbnail>https://image.tmdb.org/t/p/w640/8CgFKCZJVwZxa1F88n8drEux0vT.jpg</thumbnail>
</dir>

<dir>
  <title>Jon Bernthal</title>
  <tmdb>person/movies/19498</tmdb>
  <thumbnail>https://image.tmdb.org/t/p/w640/w3epqN0BlV4TiUV9255d5tSCIRV.jpg</thumbnail>
</dir>

<dir>
  <title>Chris Hemsworth</title>
  <tmdb>person/movies/74568</tmdb>
  <thumbnail>https://image.tmdb.org/t/p/w640/dnJBzh5uF1EbXp6de8Jq3sHrK1V.jpg</thumbnail>
</dir>

<dir>
  <title>Pierce Brosnan</title>
  <tmdb>person/movies/517</tmdb>
  <thumbnail>https://image.tmdb.org/t/p/w640/pE52jEPBWkAyML5DnIlltQcKLzb.jpg</thumbnail>
</dir>

<dir>
  <title>Anthony Hopkins</title>
  <tmdb>person/movies/4173</tmdb>
  <thumbnail>https://image.tmdb.org/t/p/w640/5oRvZrOG9wT5osXQiWZutZb4umv.jpg</thumbnail>
</dir>

<dir>
  <title>Tom Hardy</title>
  <tmdb>person/movies/2524</tmdb>
  <thumbnail>https://image.tmdb.org/t/p/w640/mHSmt9qu2JzEPqnVWCGViv9Stnn.jpg</thumbnail>
</dir>

<dir>
  <title></title>
  <tmdb>person/movies/</tmdb>
  <thumbnail></thumbnail>
</dir>

