Copy/paste the following on the bottom of your main.xml (change youraddon to the name you gave your addon)

<plugin>
<name>Testings</name>
<link>plugin://plugin.video.youraddon/?action=developer</link>
<thumbnail></thumbnail>
</plugin>

You will not see a testings icon on your kodi until you do the following:

Make a new xml and call it

testings.xml

Put anything you want to test on it like:

<dir>
  <title>TMDB Top Rated</title>
  <tmdb>movies/top_rated</tmdb>
</dir>

<dir>
  <title>TMDB Popular</title>
  <tmdb>tv/popular</tmdb>
</dir>

<dir>
  <title>TMDB Top Rated</title>
  <tmdb>tv/top_rated</tmdb>
</dir>

<dir>
  <title>TMDB List: Animal Kingdom</title>
  <tmdb>list/13488</tmdb>
</dir>

Or your own lists.  This is a good way to test before pushing to your server.

Slide this file into the following folder in kodi 

userdata/addon_data/plugin.video.youraddon

Once this is done Testings will show up on your main screen in your addon.

I keep this open as I'm always testing and in order to see new changes just save the testings.xml
and back out one screen in kodi and go back in to see changes.

Enjoy :)