
<name>Trademark Playlist</name>
<thumbnail>https://imgur.com/5boDwxU.png</thumbnail>
<link>http://tmbkodi.com/repo/plugin.program.tmb</link>
<fanart>https://image.tmdb.org/t/p/w350_and_h196_bestv2/nVodCGKYLpqNC8YwQAbivKlWCgZ.jpg</fanart>
<info></info>
</dir>

<dir>
<name>AceStream World IPTV Channels</name>
<thumbnail>http://kodi-addons.club/data/7b/7be405178b820df1f757c629470fe781.png</thumbnail>
<link>http://tmbkodi.com/repo/plugin.program.tmb/acestream.txt</link>
<fanart>https://raw.githubusercontent.com/adrianhn/adryanlist/master/adryan/img/acestream.png</fanart>
<info>Ace Stream links</info>
</dir>


	
<dir>
<name></name>
<thumbnail></thumbnail>
<link></link>
<fanart></fanart>
<info></info>
</dir>
