<dir>
     <title>[COLORwhite]TMDB[/COLOR] Search All</title>
     <tmdb>search</tmdb>
	 <thumbnail>http://www.free-icons-download.net/images/folder-saved-search-icon-9320.png</thumbnail>
    </dir>
	
	<dir>
      <title>[COLORwhite]TMDB[/COLOR] Movies</title>
      <link>http://tmbkodi.com/repo/plugin.program.tmb/movies.xml</link>
	  <thumbnail>https://orig00.deviantart.net/db51/f/2015/040/f/e/movies_folder_icon_by_buddhajef-d8hdxkb.png</thumbnail>
    </dir>
	
	<dir>
      <title>[COLORwhite]TMDB[/COLOR] TV</title>
      <link>http://tmbkodi.com/repo/plugin.program.tmb/tv.xml</link>
	  <thumbnail>http://www.pvhc.net/img66/frjybgedwsueupieojfu.png</thumbnail>
    </dir>
	
<dir>
      <title>[COLORwhite]TMDB[/COLOR] Movie Collections</title>
      <link>http://tmbkodi.com/repo/plugin.program.tmb/movie-collections.xml</link>
	  <thumbnail>http://www.pvhc.net/img211/rhnswraiwzrqttcsrtzb.png</thumbnail>
    </dir>
	
    <dir>
      <title>[COLORwhite]TV[/COLOR]  Networks</title>
      <link>http://tmbkodi.com/repo/plugin.program.tmb/networks.xml</link>
	  <thumbnail>https://orig00.deviantart.net/616f/f/2015/120/2/6/netflix_folder_icon_by_mikromike-d8rlcey.png</thumbnail>
    </dir>
	
    <dir>
      <title>[COLORwhite]TMDB[/COLOR] Actors</title>
      <link>http://tmbkodi.com/repo/plugin.program.tmb/actors.xml</link>
	  <thumbnail>https://orig00.deviantart.net/6dba/f/2017/096/4/b/jackie_chan_actor_folder_icon_by_sholang-db4um7r.png</thumbnail>
    </dir>
	
	<dir>
      <title>[COLORwhite]TMDB[/COLOR] Production</title>
      <link>http://tmbkodi.com/repo/plugin.program.tmb/production.xml</link>
	  <thumbnail>https://encrypted-tbn0.gstatic.com/images?q=tbn:ANd9GcS87WFEUtaAYBJY6oVgeT_Ewb5V35ef8p1UrbRfQjQh7v092aJi</thumbnail>
    </dir>

	<dir>
<name>[COLORmagenta]AceStream World IPTV Channels[/COLOR]</name>
<thumbnail>http://kodi-addons.club/data/7b/7be405178b820df1f757c629470fe781.png</thumbnail>
<link>http://tmbkodi.com/repo/plugin.program.tmb/acestream.txt</link>
<fanart>https://raw.githubusercontent.com/adrianhn/adryanlist/master/adryan/img/acestream.png</fanart>
<info>Ace Stream links</info>
</dir> 

	<plugin>
<name>Oculus Settings</name>
<link>plugin://plugin.video.oculus/?action=openSettings</link>
<thumbnail>http://www.iconarchive.com/download/i30130/robsonbillponte/iRob/Folder-Developer-Folder.ico</thumbnail>
<summary>Settings for Oculus Addon</summary>
</plugin>

	

	