<?xml version="1.0" encoding="UTF-8" standalone="yes"?>
<addons>
<addon id="plugin.program.tmb" name="[B]Trademark Wizard[/B]" version="1.1" provider-name="Titan Thanos">
  <requires>
    <import addon="xbmc.python" version="2.1.0"/>
  </requires>
  <extension point="xbmc.python.pluginsource" library="default.py">
    <provides>executable</provides>
  </extension>
  <extension point="xbmc.service" library="startup.py" start="startup" />
  <extension point="xbmc.addon.metadata">
    <summary lang="en">Trademark Wizard</summary>
    <description lang="en">Please visit https://tmbkodi.com and click on some of the adverts to help with the server costs. Thank you.</description>
    <platform>all</platform>
	<forum>http://koditalk.org/</forum>
    <website>https://tmbkodi.com/</website>
  <assets>
	<icon>icon.png</icon>
	<fanart>fanart.jpg</fanart>
	<screenshot>resources/screenshots/screenshot1.jpg</screenshot>
    <screenshot>resources/screenshots/screenshot2.jpg</screenshot>
    <screenshot>resources/screenshots/screenshot3.jpg</screenshot>
	<screenshot>resources/screenshots/screenshot4.jpg</screenshot>
    <screenshot>resources/screenshots/screenshot5.jpg</screenshot>
  </assets>
  </extension>
</addon>
<addon id="plugin.video.oculus" name="Oculus" version="1.21" provider-name="Trademark">
    <requires>
        <import addon="xbmc.python" version="2.19.0" />
        <import addon="script.module.nanscrapers" version="0.5.5" />
        <import addon="script.module.python.koding.aio" version="0.9.6.6" />
        <import addon="script.module.beautifulsoup" version="3.2.1" />
        <import addon="script.module.requests" version="2.9.1" />
        <import addon="script.module.addon.common" version="2.0.0" />
        <import addon="script.module.xmltodict" version="0.9.0" />
        <!--<import addon="script.module.web-pdb" version="1.0"/>-->
        <import addon="script.module.urlresolver" version="1.2.0" />
    </requires>
    <extension point="xbmc.python.pluginsource" library="default.py">
        <provides>video</provides>
    </extension>
    <extension point="xbmc.service" library="service.py" start="[login|startup]" />
    <extension point="xbmc.addon.metadata">
      <summary lang="en">TMDB MOVIES TV SHOWS By TRADEMARK TMB</summary>
      <summary lang="he">הרחבת וידאו Jen</summary>
      <description lang="en">TMDB MOVIES TV SHOWS By TRADEMARK TMB</description>
      <description lang="he">האחות הקטנה של בוב</description>
      <disclaimer lang="en">The author of this addon do not host any of the content which is found and have no affiliation with any of the content providers. This addon simply searches websites for content. Use at your own risk!</disclaimer>
      <disclaimer lang="he">מחבר ההרחבה זה אינו מארח את התוכן שיתכן ויימצא ואין לו זיקה לאף אחד מספקי התוכן. הרחבה רק מחפשת תוכן שקיים באתרי אינטרנט. השימוש בהרחבה הוא על אחריותך בלבד!</disclaimer>
      <platform>all</platform>
        <website>www.noobsandnerds.com</website>
        <video_guide>xtOqLY5PJDY</video_guide>
    </extension>
</addon>
<addon id="plugin.video.thekingdom" name="TheKingdom" version="6.2.1" provider-name="MrGhost">
    <requires>
        <import addon="xbmc.python" version="2.19.0" />
        <import addon="script.module.nanscrapers" version="0.5.5" />
        <import addon="script.module.python.koding.aio" version="0.9.6.6" />
        <import addon="script.module.beautifulsoup" version="3.2.1" />
        <import addon="script.module.requests" version="2.9.1" />
        <import addon="script.module.addon.common" version="2.0.0" />
        <import addon="script.module.xmltodict" version="0.9.0" />
        <!--<import addon="script.module.web-pdb" version="1.0"/>-->
        <import addon="script.module.urlresolver" version="1.2.0" />
    </requires>
    <extension point="xbmc.python.pluginsource" library="default.py">
        <provides>video</provides>
    </extension>
    <extension point="xbmc.service" library="service.py" start="[login|startup]" />
    <extension point="xbmc.addon.metadata">
      <summary lang="en">All In One</summary>
      <description lang="en">All In One</description>
      <disclaimer lang="en">The author of this addon do not host any of the content which is found and have no affiliation with any of the content providers. This addon simply searches websites for content. Use at your own risk!</disclaimer>
      <platform>all</platform>
        <website>www.noobsandnerds.com</website>
        <video_guide>xtOqLY5PJDY</video_guide>
    </extension>
</addon>
<addon id="script.module.pil"
       name="Python Image Library"
       version="1.1.7"
       provider-name="PythonWare">
  <requires>
    <import addon="xbmc.python" version="2.1.0"/>
  </requires>
  <extension point="xbmc.python.module"
             library="lib" />
  <extension point="xbmc.addon.metadata">
    <platform>all</platform>
  </extension>
</addon>
<addon id="repository.tmb" name="[B]Trademark Repository[/B]" version="1.5" provider-name="Trademark">
<extension point="xbmc.addon.repository" name="Trademark repository">
		<dir>
			<info compressed="false">https://raw.githubusercontent.com/trademark13/tmbkodi.com-repo/master/addons.xml</info>
			<checksum>https://raw.githubusercontent.com/trademark13/tmbkodi.com-repo/master/addons.xml.md5</checksum>
			<datadir zip="true">https://raw.githubusercontent.com/trademark13/tmbkodi.com-repo/master/</datadir>		
		</dir>
		<dir>
			<info compressed="false">https://raw.githubusercontent.com/noobsandnerds/modules4all/master/zips/addons.xml</info>
			<checksum>https://raw.githubusercontent.com/noobsandnerds/modules4all/master/zips/addons.xml.md5</checksum>
			<datadir zip="true">https://raw.githubusercontent.com/noobsandnerds/modules4all/master/zips/</datadir>
		</dir>
		<dir>
			<info compressed="false">https://github.com/tvaddonsco/tva-resolvers-repo/raw/master/addons.xml</info>
			<checksum>https://github.com/tvaddonsco/tva-resolvers-repo/raw/master/addons.xml.md5</checksum>
			<datadir zip="true">https://github.com/tvaddonsco/tva-resolvers-repo/raw/master/zips/</datadir>
	    </dir>
		<dir>
			<info compressed="false">https://raw.githubusercontent.com/totalrevolution/python-koding/master/zips/addons.xml</info>
			<checksum>https://raw.githubusercontent.com/totalrevolution/python-koding/master/zips/addons.xml.md5</checksum>
			<datadir zip="true">https://raw.githubusercontent.com/totalrevolution/python-koding/master/zips/</datadir>
		</dir>
		<dir minversion="14.0.0">
			<info compressed="false">https://github.com/OpenELEQ/repository.q/raw/master/openeleq-addons.xml</info>
			<checksum>https://github.com/OpenELEQ/repository.q/raw/master/openeleq-addons.xml.md5</checksum>
			<datadir zip="true">https://raw.github.com/OpenELEQ/repository.q/master/zips/</datadir>
		</dir>
</extension>
  <extension point="xbmc.addon.metadata">
    <summary lang="en">Trademark Repository</summary>
    <description lang="en">Please visit http://tmbkodi.com click on some of the adverts to help with the server costs. Thank you.</description>
    <platform>all</platform>
	<forum>http://koditalk.org/</forum>
    <website>https://tmbkodi.com/</website>
  <assets>
	<icon>icon.png</icon>
	<fanart>fanart.jpg</fanart>
  </assets>
  </extension>
</addon>
</addons>
