======================
Commercials
======================

<plugin>
  <title>[COLOR=orange]Funny Commercials 1[/COLOR]</title>
  <link>plugin://plugin.video.youtube/playlist/PLvBh3WamFgYL6dGMTL7ye7KRops1WEZnY/</link>
  <animated_thumbnail></animated_thumbnail>
  <thumbnail>http://static.superbowlcommercials.co/2016/01/Emotional-chart-720x415.gif</thumbnail>
  <animated_fanart></animated_fanart>
  <fanart>https://www.ventureiconmedia.com/wp-content/uploads/2017/02/2.png</fanart>
</plugin>

<plugin>
  <title>[COLOR=orange]Funny Commercials 2[/COLOR]</title>
  <link>plugin://plugin.video.youtube/playlist/PLyS6MFeQdZRJTHkURkqlOiHuXCviG8yTY/</link>
  <animated_thumbnail></animated_thumbnail>
  <thumbnail>http://static.superbowlcommercials.co/2016/01/Emotional-chart-720x415.gif</thumbnail>
  <animated_fanart></animated_fanart>
  <fanart>https://www.ventureiconmedia.com/wp-content/uploads/2017/02/2.png</fanart>
</plugin>

<plugin>
  <title>[COLOR=orange]Funny Commercials 3[/COLOR]</title>
  <link>plugin://plugin.video.youtube/playlist/PL9WV4cAlomwGWd6lN2fk6A0zzD0EO_hb1/</link>
  <animated_thumbnail></animated_thumbnail>
  <thumbnail>http://static.superbowlcommercials.co/2016/01/Emotional-chart-720x415.gif</thumbnail>
  <animated_fanart></animated_fanart>
  <fanart>https://www.ventureiconmedia.com/wp-content/uploads/2017/02/2.png</fanart>
</plugin>

<plugin>
  <title>[COLOR=orange]2015 Super Bowl Commercials[/COLOR]</title>
  <link>plugin://plugin.video.youtube/playlist/PLKMjqoaBW16XWbIyJxb8DDDZnj6fP1MZV/</link>
  <animated_thumbnail></animated_thumbnail>
  <thumbnail>http://www.bestappspoint.com/wp-content/uploads/2012/02/Super-Ads-Super-Bowl-Commercials.jpg</thumbnail>
  <animated_fanart></animated_fanart>
  <fanart>https://www.ventureiconmedia.com/wp-content/uploads/2017/02/2.png</fanart>
</plugin>

<plugin>
  <title>[COLOR=orange]2016 Super Bowl Commercials[/COLOR]</title>
  <link>plugin://plugin.video.youtube/playlist/PLjncHZSg0GNGVX7LatYAz4EZXzGbkorTk/</link>
  <animated_thumbnail></animated_thumbnail>
  <thumbnail>http://www.bestappspoint.com/wp-content/uploads/2012/02/Super-Ads-Super-Bowl-Commercials.jpg</thumbnail>
  <animated_fanart></animated_fanart>
  <fanart>https://www.ventureiconmedia.com/wp-content/uploads/2017/02/2.png</fanart>
</plugin>

<plugin>
  <title>[COLOR=orange]2017 Super Bowl Commercials[/COLOR]</title>
  <link>plugin://plugin.video.youtube/playlist/PLXd9aCB0yKuhzjovs87Kh9znvQBynJRJ9/</link>
  <animated_thumbnail></animated_thumbnail>
  <thumbnail>http://www.bestappspoint.com/wp-content/uploads/2012/02/Super-Ads-Super-Bowl-Commercials.jpg</thumbnail>
  <animated_fanart></animated_fanart>
  <fanart>https://www.ventureiconmedia.com/wp-content/uploads/2017/02/2.png</fanart>
</plugin>
